año	código	total	deuda	créditos	nombre
2007	AF	12560682	12560682	0	AFGANISTÁN
2007	AL	9184645	9184645	0	ALBANIA
2007	AM	38504	38504	0	ARMENIA
2007	AO	5472532	12033536	6561004	ANGOLA
2007	AR	15544916	20837992	5293076	ARGENTINA
2007	AZ	8076	8076	0	AZERBAIYÁN
2007	BA	11134938	11134938	0	BOSNIA Y HERZEGOVINA
2007	BB	2819	2819	0	BARBADOS
2007	BD	2140345	2304289	163944	BANGLADESH
2007	BF	2564611	2564611	0	BURKINA FASO
2007	BI	974169	974169	0	BURUNDI
2007	BJ	1213722	1213722	0	BENÍN
2007	BO	43507047	45347538	1840491	BOLIVIA
2007	BR	16535289	16535289	0	BRASIL
2007	BY	109463	109463	0	BIELORRUSIA
2007	BZ	2232	2232	0	BELICE
2007	CD	11477481	11477481	0	CONGO, REP. DEM.
2007	CF	476752	476752	0	CENTROAFRICANA, REP.
2007	CG	707794	707794	0	CONGO, REP.
2007	CI	2180336	2180336	0	COSTA DE MARFIL
2007	CL	4411286	4411286	0	CHILE
2007	CM	6913721	8472102	1558381	CAMERÚN
2007	CN	35888735	61628317	25739582	CHINA
2007	CO	30284889	34016430	3731541	COLOMBIA
2007	CR	2954659	4005497	1050838	COSTA RICA
2007	CU	17511429	17511429	0	CUBA
2007	CV	12582789	12721357	138568	CABO VERDE
2007	DJ	11967	11967	0	YIBUTI
2007	DO	19492855	21858609	2365754	DOMINICANA, REP.
2007	DZ	40382208	42923239	2541031	ARGELIA
2007	EC	43421101	45781848	2360747	ECUADOR
2007	EG	2602801	4962701	2359900	EGIPTO
2007	EH	22736780	22736780	0	SAHARAUI, POBLACIÓN
2007	ER	168804	168804	0	ERITREA
2007	ET	5679856	6167876	488020	ETIOPÍA
2007	GA	114126	114126	0	GABÓN
2007	GH	2379788	2690735	310947	GHANA
2007	GM	1511566	1511566	0	GAMBIA
2007	GN	403302	403302	0	GUINEA
2007	GQ	14466720	14466720	0	GUINEA ECUATORIAL
2007	GT	170392386	170392386	0	GUATEMALA
2007	GW	8305681	8305681	0	GUINEA-BISSAU
2007	GY	0	0	0	GUYANA
2007	HN	69200940	70604618	1403678	HONDURAS
2007	HT	9351231	9351231	0	HAITÍ
2007	ID	-12707922	11845615	24553537	INDONESIA
2007	IN	9220957	9362556	141599	INDIA
2007	IQ	1316936	1316936	0	IRAK
2007	IR	5000770	5000770	0	IRÁN
2007	JM	382876	382876	0	JAMAICA
2007	JO	3803849	3803849	0	JORDANIA
2007	KE	14284214	14432863	148649	KENIA
2007	KG	0	0	0	KIRGUISTÁN
2007	KH	3015684	3015684	0	CAMBOYA
2007	KP	1156978	1156978	0	COREA, REP. POP. DEM.
2007	KZ	184145	184145	0	KAZAJSTÁN
2007	LB	16883145	16883145	0	LÍBANO
2007	LC	18228	18228	0	SANTA LUCÍA
2007	LK	10248094	10248094	0	SRI LANKA
2007	LR	2295662	2295662	0	LIBERIA
2007	LS	0	0	0	LESOTO
2007	LY	36950	36950	0	LIBIA
2007	MA	48506252	67980645	19474393	MARRUECOS
2007	MD	8137	8137	0	MOLDAVIA
2007	ME	129274	129274	0	MONTENEGRO
2007	MG	137660	137660	0	MADAGASCAR
2007	MK	1010870	1010870	0	MACEDONIA, ANTIGUA REP. YUG.
2007	ML	10428640	10428640	0	MALÍ
2007	MN	3591793	4202412	610619	MONGOLIA
2007	MR	17222926	17374504	151578	MAURITANIA
2007	MU	7295	7295	0	MAURICIO
2007	MW	-281693	884021	1165714	MALAWI
2007	MX	-17301346	13487764	30789110	MÉXICO
2007	MY	2819	2819	0	MALASIA
2007	MZ	26197909	26197909	0	MOZAMBIQUE
2007	NA	7138202	7138202	0	NAMIBIA
2007	NE	5244212	5244212	0	NÍGER
2007	NG	344706	344706	0	NIGERIA
2007	NI	56270775	57265610	994835	NICARAGUA
2007	NP	103985	103985	0	NEPAL
2007	PA	3968944	4467761	498817	PANAMÁ
2007	PE	75498321	83428772	7930451	PERÚ
2007	PG	101310	101310	0	PAPÚA NUEVA GUINEA
2007	PH	13877666	18389842	4512176	FILIPINAS
2007	PK	415918	415918	0	PAKISTÁN
2007	PS	25669821	25669821	0	PALESTINOS, TERRITORIOS
2007	PY	7850539	7881351	30812	PARAGUAY
2007	RS	1659900	1659900	0	SERBIA
2007	RW	1384736	1384736	0	RUANDA
2007	SB	0	0	0	SALOMÓN, ISLAS
2007	SD	3893804	3893804	0	SUDÁN
2007	SL	1479636	1479636	0	SIERRA LEONA
2007	SN	20229536	20522176	292640	SENEGAL
2007	SO	255900	255900	0	SOMALIA
2007	ST	649646	649646	0	SANTO TOMÉ Y PRÍNCIPE
2007	SV	43407162	44240674	833512	EL SALVADOR
2007	SY	1759554	1759554	0	SIRIA
2007	TD	2149623	2857341	707718	CHAD
2007	TG	1146272	1146272	0	TOGO
2007	TH	482613	482613	0	TAILANDIA
2007	TJ	60606	60606	0	TAYIKISTÁN
2007	TL	1873067	1873067	0	TIMOR-LESTE
2007	TN	15200288	18456364	3256076	TÚNEZ
2007	TR	32821703	33552235	730532	TURQUÍA
2007	TT	17428	17428	0	TRINIDAD Y TOBAGO
2007	TZ	2860477	3338391	477914	TANZANIA
2007	UA	93071	93071	0	UCRANIA
2007	UG	1185120	3067954	1882834	UGANDA
2007	UY	4769895	6378980	1609085	URUGUAY
2007	VE	11479643	11479643	0	VENEZUELA
2007	VN	16439037	17734989	1295952	VIETNAM
2007	VU	6728	6728	0	VANUATU
2007	XK	5025028	5025028	0	KOSOVO (SERBIA)
2007	YE	107825	107825	0	YEMEN
2007	ZA	828948	828948	0	SUDÁFRICA
2007	ZM	680688	680688	0	ZAMBIA
2007	ZW	94883	94883	0	ZIMBABWE
2008	AF	76738327	76738327	0	AFGANISTÁN
2008	AG	164565	164565	0	ANTIGUA Y BARBUDA
2008	AL	15724400	15724400	0	ALBANIA
2008	AM	4542361	4542361	0	ARMENIA
2008	AO	17152007	24054347	6902340	ANGOLA
2008	AR	21441377	30843758	9402381	ARGENTINA
2008	AZ	1353842	1353842	0	AZERBAIYÁN
2008	BA	35254474	35254474	0	BOSNIA Y HERZEGOVINA
2008	BB	510981	510981	0	BARBADOS
2008	BD	30282201	30576951	294750	BANGLADESH
2008	BF	21068540	22247662	1179122	BURKINA FASO
2008	BI	11618253	11618253	0	BURUNDI
2008	BJ	8747927	8747927	0	BENÍN
2008	BO	69125933	71312152	2186219	BOLIVIA
2008	BR	27537750	27537750	0	BRASIL
2008	BT	1197661	1197661	0	BUTÁN
2008	BW	2446387	2446387	0	BOTSWANA
2008	BY	968630	968630	0	BIELORRUSIA
2008	BZ	377508	377508	0	BELICE
2008	CD	54223886	56973828	2749942	CONGO, REP. DEM.
2008	CF	5178846	5178846	0	CENTROAFRICANA, REP.
2008	CG	3965925	3965925	0	CONGO, REP.
2008	CI	12552855	12552855	0	COSTA DE MARFIL
2008	CK	22953	22953	0	COOK, ISLAS
2008	CL	6075011	6075011	0	CHILE
2008	CM	21875828	25486749	3610921	CAMERÚN
2008	CN	39896847	64516709	24619862	CHINA
2008	CO	63794831	69199407	5404576	COLOMBIA
2008	CR	11405672	12770381	1364709	COSTA RICA
2008	CU	32723351	32723351	0	CUBA
2008	CV	15425709	15495123	69414	CABO VERDE
2008	DJ	1327429	1327429	0	YIBUTI
2008	DM	927109	927109	0	DOMINICA
2008	DO	29670365	44252933	14582568	DOMINICANA, REP.
2008	DZ	50062701	54434324	4371623	ARGELIA
2008	EC	63750108	67649629	3899521	ECUADOR
2008	EG	25287783	25762336	474553	EGIPTO
2008	EH	23979619	23979619	0	SAHARAUI, POBLACIÓN
2008	ER	4883499	4883499	0	ERITREA
2008	ET	113709450	113709450	0	ETIOPÍA
2008	FJ	1053817	1053817	0	FIJI
2008	FM	43324	43324	0	MICRONESIA, ESTADOS FEDERADOS
2008	GA	1565279	1565279	0	GABÓN
2008	GD	73486	73486	0	GRANADA
2008	GE	5536187	5536187	0	GEORGIA
2008	GH	25170784	26181102	1010318	GHANA
2008	GM	3034464	3034464	0	GAMBIA
2008	GN	5608702	5608702	0	GUINEA
2008	GQ	9987598	9987598	0	GUINEA ECUATORIAL
2008	GT	180114851	180131990	17139	GUATEMALA
2008	GW	14796043	14801853	5810	GUINEA-BISSAU
2008	GY	1378398	1378398	0	GUYANA
2008	HN	85451607	86023805	572198	HONDURAS
2008	HR	7145446	7145446	0	CROACIA
2008	HT	41570814	41570814	0	HAITÍ
2008	ID	24349723	39638856	15289133	INDONESIA
2008	IN	47509647	47638242	128595	INDIA
2008	IQ	97496312	97496312	0	IRAK
2008	IR	1501311	1501311	0	IRÁN
2008	JM	4434822	4434822	0	JAMAICA
2008	JO	13281303	13281303	0	JORDANIA
2008	KE	56536497	56862407	325910	KENIA
2008	KG	4842911	4842911	0	KIRGUISTÁN
2008	KH	14899459	14899459	0	CAMBOYA
2008	KI	241384	241384	0	KIRIBATI
2008	KM	1133276	1133276	0	COMORES
2008	KN	57949	57949	0	SAINT KITTS Y NEVIS
2008	KP	1538537	1538537	0	COREA, REP. POP. DEM.
2008	KZ	1063515	1063515	0	KAZAJSTÁN
2008	LA	2663107	2663107	0	LAOS
2008	LB	42014919	42014919	0	LÍBANO
2008	LC	362601	362601	0	SANTA LUCÍA
2008	LK	24561245	24561245	0	SRI LANKA
2008	LR	28437466	28437466	0	LIBERIA
2008	LS	4246304	4246304	0	LESOTO
2008	LY	90002	90002	0	LIBIA
2008	MA	101298521	114759247	13460726	MARRUECOS
2008	MD	6732079	6732079	0	MOLDAVIA
2008	ME	2629984	2629984	0	MONTENEGRO
2008	MG	24925589	24925589	0	MADAGASCAR
2008	MH	88378	88378	0	MARSHALL, ISLAS
2008	MK	7119252	7119252	0	MACEDONIA, ANTIGUA REP. YUG.
2008	ML	39306372	39306372	0	MALÍ
2008	MM	9864637	9864637	0	MYANMAR
2008	MN	4426944	4426944	0	MONGOLIA
2008	MR	30541305	30541305	0	MAURITANIA
2008	MS	222671	222671	0	MONTSERRAT (R.U.)
2008	MU	1893541	1893541	0	MAURICIO
2008	MV	763336	763336	0	MALDIVAS
2008	MW	14928053	14928053	0	MALAWI
2008	MX	-9538653	16786532	26325185	MÉXICO
2008	MY	240658	240658	0	MALASIA
2008	MZ	78120354	78272077	151723	MOZAMBIQUE
2008	NA	14247189	14247189	0	NAMIBIA
2008	NE	26778612	26778612	0	NÍGER
2008	NG	34964161	34964161	0	NIGERIA
2008	NI	92931689	94702742	1771053	NICARAGUA
2008	NP	10624207	10624207	0	NEPAL
2008	NR	15143	15143	0	NAURU
2008	NU	29861	29861	0	NIUE
2008	OM	30236	30236	0	OMÁN
2008	PA	5536766	6790390	1253624	PANAMÁ
2008	PE	96183144	98173053	1989909	PERÚ
2008	PG	3368370	3368370	0	PAPÚA NUEVA GUINEA
2008	PH	28952321	33250677	4298356	FILIPINAS
2008	PK	32481137	32481137	0	PAKISTÁN
2008	PS	111467380	111467380	0	PALESTINOS, TERRITORIOS
2008	PW	20757	20757	0	PALAU
2008	PY	17655003	18509584	854581	PARAGUAY
2008	RS	29912848	29912848	0	SERBIA
2008	RW	27811512	27811512	0	RUANDA
2008	SB	467223	467223	0	SALOMÓN, ISLAS
2008	SC	77882	77882	0	SEYCHELLES
2008	SD	50166306	50166306	0	SUDÁN
2008	SH	214511	214511	0	SANTA ELENA (R.U.)
2008	SL	8784019	8784019	0	SIERRA LEONA
2008	SN	48729907	48729907	0	SENEGAL
2008	SO	17240165	17240165	0	SOMALIA
2008	SR	1578363	1578363	0	SURINAM
2008	ST	1481006	2262799	781793	SANTO TOMÉ Y PRÍNCIPE
2008	SV	59852749	60701047	848298	EL SALVADOR
2008	SY	8541541	8541541	0	SIRIA
2008	SZ	1841355	1841355	0	SWAZILANDIA
2008	TC	764930	764930	0	TURCAS Y CAICOS, ISLAS (R.U.)
2008	TD	14014328	14753424	739096	CHAD
2008	TG	6364435	6364435	0	TOGO
2008	TH	4687086	4687086	0	TAILANDIA
2008	TJ	5182633	5182633	0	TAYIKISTÁN
2008	TL	13020377	13020377	0	TIMOR-LESTE
2008	TM	350888	350888	0	TURKMENISTÁN
2008	TN	20028993	23584317	3555324	TÚNEZ
2008	TO	16688	16688	0	TONGA
2008	TR	98728786	99419132	690346	TURQUÍA
2008	TT	732748	732748	0	TRINIDAD Y TOBAGO
2008	TV	88470	88470	0	TUVALU
2008	TZ	38539278	39205774	666496	TANZANIA
2008	UA	8747774	8747774	0	UCRANIA
2008	UG	37079593	38595829	1516236	UGANDA
2008	UY	7234973	10251974	3017001	URUGUAY
2008	UZ	2520865	2520865	0	UZBEKISTÁN
2008	VC	886674	886674	0	SAN VICENTE Y GRANADINAS
2008	VE	12069328	12069328	0	VENEZUELA
2008	VN	56550859	57853284	1302425	VIETNAM
2008	VU	339432	339432	0	VANUATU
2008	WF	6891	6891	0	WALLIS Y FORTUNA (FR.)
2008	WS	355161	355161	0	SAMOA
2008	XK	1020341	1020341	0	KOSOVO (SERBIA)
2008	YE	4582164	4582164	0	YEMEN
2008	YT	37076	37076	0	MAYOTTE (FR.)
2008	ZA	11868378	11868378	0	SUDÁFRICA
2008	ZM	11909929	11909929	0	ZAMBIA
2008	ZW	9317933	9317933	0	ZIMBABWE
2009	AF	99191191	99191191	0	AFGANISTÁN
2009	AG	165653	165653	0	ANTIGUA Y BARBUDA
2009	AI	207310	207310	0	ANGUILA (R.U.)
2009	AL	16797784	16797784	0	ALBANIA
2009	AM	3378897	3378897	0	ARMENIA
2009	AO	19278647	26326168	7047521	ANGOLA
2009	AR	18616167	28610434	9994267	ARGENTINA
2009	AZ	2830045	2830045	0	AZERBAIYÁN
2009	BA	34835984	34835984	0	BOSNIA Y HERZEGOVINA
2009	BB	369604	369604	0	BARBADOS
2009	BD	41460347	41943831	483484	BANGLADESH
2009	BF	23469596	23940596	471000	BURKINA FASO
2009	BI	12791143	12791143	0	BURUNDI
2009	BJ	13946975	13946975	0	BENÍN
2009	BO	73684656	74973677	1289021	BOLIVIA
2009	BR	49741384	49741384	0	BRASIL
2009	BT	1165176	1165176	0	BUTÁN
2009	BW	2104993	2104993	0	BOTSWANA
2009	BY	1804994	1804994	0	BIELORRUSIA
2009	BZ	993922	993922	0	BELICE
2009	CD	59049597	59049597	0	CONGO, REP. DEM.
2009	CF	7996527	7996527	0	CENTROAFRICANA, REP.
2009	CG	36459229	36459229	0	CONGO, REP.
2009	CI	55329969	55329969	0	COSTA DE MARFIL
2009	CK	3424	3424	0	COOK, ISLAS
2009	CL	7337395	7337395	0	CHILE
2009	CM	10188228	18219122	8030894	CAMERÚN
2009	CN	44285022	76090439	31805417	CHINA
2009	CO	110461538	116193171	5731633	COLOMBIA
2009	CR	7227331	8622408	1395077	COSTA RICA
2009	CU	27388228	27388228	0	CUBA
2009	CV	17692404	17761818	69414	CABO VERDE
2009	DJ	3329236	3329236	0	YIBUTI
2009	DM	1157914	1157914	0	DOMINICA
2009	DO	24822502	29093300	4270798	DOMINICANA, REP.
2009	DZ	45057307	49386137	4328830	ARGELIA
2009	EC	37697327	49749590	12052263	ECUADOR
2009	EG	30135356	30532327	396971	EGIPTO
2009	EH	20875431	20875431	0	SAHARAUI, POBLACIÓN
2009	ER	3874242	3874242	0	ERITREA
2009	ET	114830365	118372034	3541669	ETIOPÍA
2009	FJ	675530	675530	0	FIJI
2009	FM	256643	256643	0	MICRONESIA, ESTADOS FEDERADOS
2009	GA	1337204	1337204	0	GABÓN
2009	GD	629540	629540	0	GRANADA
2009	GE	11869690	11869690	0	GEORGIA
2009	GH	34316989	64230225	29913236	GHANA
2009	GM	8261992	8261992	0	GAMBIA
2009	GN	8776727	9015863	239136	GUINEA
2009	GQ	16088951	16088951	0	GUINEA ECUATORIAL
2009	GT	84147033	84147033	0	GUATEMALA
2009	GW	13677715	13677715	0	GUINEA-BISSAU
2009	GY	3919811	3919811	0	GUYANA
2009	HN	45093007	45206865	113858	HONDURAS
2009	HR	20912730	20912730	0	CROACIA
2009	HT	113732798	115510500	1777702	HAITÍ
2009	ID	23677751	39152086	15474335	INDONESIA
2009	IN	51075424	51214619	139195	INDIA
2009	IQ	4797942	4797942	0	IRAK
2009	IR	4187646	4187646	0	IRÁN
2009	JM	5951074	5951074	0	JAMAICA
2009	JO	15543571	15543571	0	JORDANIA
2009	KE	50750542	51267868	517326	KENIA
2009	KG	5027502	5027502	0	KIRGUISTÁN
2009	KH	26238583	26238583	0	CAMBOYA
2009	KI	372226	372226	0	KIRIBATI
2009	KM	1313111	1313111	0	COMORES
2009	KN	623535	623535	0	SAINT KITTS Y NEVIS
2009	KP	2820655	2820655	0	COREA, REP. POP. DEM.
2009	KZ	868162	2219913	1351751	KAZAJSTÁN
2009	LA	5431396	5431396	0	LAOS
2009	LB	26141864	26141864	0	LÍBANO
2009	LC	979323	979323	0	SANTA LUCÍA
2009	LK	24342595	24342595	0	SRI LANKA
2009	LR	10608162	10608162	0	LIBERIA
2009	LS	9631609	9631609	0	LESOTO
2009	LY	328332	328332	0	LIBIA
2009	MA	166889277	187981155	21091878	MARRUECOS
2009	MD	7076912	7076912	0	MOLDAVIA
2009	ME	2469288	2469288	0	MONTENEGRO
2009	MG	20871740	20871740	0	MADAGASCAR
2009	MH	102202	102202	0	MARSHALL, ISLAS
2009	MK	5710930	5710930	0	MACEDONIA, ANTIGUA REP. YUG.
2009	ML	31391477	31391477	0	MALÍ
2009	MM	6274777	6274777	0	MYANMAR
2009	MN	568897	1790135	1221238	MONGOLIA
2009	MR	37000979	37000979	0	MAURITANIA
2009	MS	92584	92584	0	MONTSERRAT (R.U.)
2009	MU	6161068	6161068	0	MAURICIO
2009	MV	253861	253861	0	MALDIVAS
2009	MW	19443455	19443455	0	MALAWI
2009	MX	-8993036	18001004	26994040	MÉXICO
2009	MY	300419	300419	0	MALASIA
2009	MZ	71197602	71280092	82490	MOZAMBIQUE
2009	NA	10545188	10545188	0	NAMIBIA
2009	NE	29693226	29693226	0	NÍGER
2009	NG	21587710	21587710	0	NIGERIA
2009	NI	105373648	108034653	2661005	NICARAGUA
2009	NP	42667703	42667703	0	NEPAL
2009	NR	90828	90828	0	NAURU
2009	NU	96076	96076	0	NIUE
2009	OM	24603	24603	0	OMÁN
2009	PA	4836130	6402229	1566099	PANAMÁ
2009	PE	75433503	79827684	4394181	PERÚ
2009	PG	3135816	3135816	0	PAPÚA NUEVA GUINEA
2009	PH	-15164251	38680462	53844713	FILIPINAS
2009	PK	24118707	24118707	0	PAKISTÁN
2009	PS	119877221	119877221	0	PALESTINOS, TERRITORIOS
2009	PW	76806	76806	0	PALAU
2009	PY	29215947	30512030	1296083	PARAGUAY
2009	RS	27977818	27977818	0	SERBIA
2009	RW	31730062	31730062	0	RUANDA
2009	SB	439683	439683	0	SALOMÓN, ISLAS
2009	SC	48797	48797	0	SEYCHELLES
2009	SD	40915621	40915621	0	SUDÁN
2009	SH	593795	593795	0	SANTA ELENA (R.U.)
2009	SL	8273973	8273973	0	SIERRA LEONA
2009	SN	58219823	58219823	0	SENEGAL
2009	SO	48104227	48104227	0	SOMALIA
2009	SR	1579744	1579744	0	SURINAM
2009	ST	1620767	1620767	0	SANTO TOMÉ Y PRÍNCIPE
2009	SV	92114652	93590871	1476219	EL SALVADOR
2009	SY	8043738	8043738	0	SIRIA
2009	SZ	2588807	2588807	0	SWAZILANDIA
2009	TD	20743385	21485494	742109	CHAD
2009	TG	9082302	9082302	0	TOGO
2009	TH	5194934	5194934	0	TAILANDIA
2009	TJ	8744266	8744266	0	TAYIKISTÁN
2009	TL	10124272	10124272	0	TIMOR-LESTE
2009	TM	413766	413766	0	TURKMENISTÁN
2009	TN	104117077	108671883	4554806	TÚNEZ
2009	TO	114946	114946	0	TONGA
2009	TR	179729700	180449770	720070	TURQUÍA
2009	TT	556041	556041	0	TRINIDAD Y TOBAGO
2009	TV	49101	49101	0	TUVALU
2009	TZ	47571081	58022521	10451440	TANZANIA
2009	UA	17579924	17579924	0	UCRANIA
2009	UG	30440632	36802280	6361648	UGANDA
2009	UY	9596358	12759904	3163546	URUGUAY
2009	UZ	2255411	2255411	0	UZBEKISTÁN
2009	VC	829913	829913	0	SAN VICENTE Y GRANADINAS
2009	VE	9801707	9801707	0	VENEZUELA
2009	VN	47844469	49696019	1851550	VIETNAM
2009	VU	245371	245371	0	VANUATU
2009	WF	43574	43574	0	WALLIS Y FORTUNA (FR.)
2009	WS	761831	761831	0	SAMOA
2009	XK	688987	688987	0	KOSOVO
2009	YE	8380164	8380164	0	YEMEN
2009	YT	48269	48269	0	MAYOTTE (FR.)
2009	ZA	13965642	13965642	0	SUDÁFRICA
2009	ZM	20902587	20902587	0	ZAMBIA
2009	ZW	10326434	10326434	0	ZIMBABWE
2010	AF	78004582	78004582	0	AFGANISTÁN
2010	AG	71653	71653	0	ANTIGUA Y BARBUDA
2010	AL	8469551	8469551	0	ALBANIA
2010	AM	7094514	7094514	0	ARMENIA
2010	AO	8018953	13978150	5959197	ANGOLA
2010	AR	19066839	28564360	9497521	ARGENTINA
2010	AZ	1915470	1915470	0	AZERBAIYÁN
2010	BA	20211407	20711407	500000	BOSNIA Y HERZEGOVINA
2010	BB	497843	497843	0	BARBADOS
2010	BD	27056887	27395773	338886	BANGLADESH
2010	BF	26785791	26785791	0	BURKINA FASO
2010	BI	24445648	24445648	0	BURUNDI
2010	BJ	12945959	12945959	0	BENÍN
2010	BO	58052646	117397117	59344471	BOLIVIA
2010	BR	22027881	22027881	0	BRASIL
2010	BT	1424923	1424923	0	BUTÁN
2010	BW	2132020	2132020	0	BOTSWANA
2010	BY	977075	977075	0	BIELORRUSIA
2010	BZ	800881	800881	0	BELICE
2010	CD	55310323	55310323	0	CONGO, REP. DEM.
2010	CF	15041543	15041543	0	CENTROAFRICANA, REP.
2010	CG	210016430	210016430	0	CONGO, REP.
2010	CI	4247164	13718234	9471070	COSTA DE MARFIL
2010	CK	123046	123046	0	COOK, ISLAS
2010	CL	10030898	10030898	0	CHILE
2010	CM	13863676	13863676	0	CAMERÚN
2010	CN	13965205	42420194	28454989	CHINA
2010	CO	45883282	52006677	6123395	COLOMBIA
2010	CR	4482978	5914055	1431077	COSTA RICA
2010	CU	33468548	33468548	0	CUBA
2010	CV	17689342	17689342	0	CABO VERDE
2010	DJ	1490161	1729806	239645	YIBUTI
2010	DM	1338067	1338067	0	DOMINICA
2010	DO	42601431	46062572	3461141	DOMINICANA, REP.
2010	DZ	12305799	17318262	5012463	ARGELIA
2010	EC	46924239	62534530	15610291	ECUADOR
2010	EG	18508325	18960559	452234	EGIPTO
2010	EH	22154595	22154595	0	SAHARAUI, POBLACIÓN
2010	ER	4552356	4552356	0	ERITREA
2010	ET	73261063	73261063	0	ETIOPÍA
2010	FJ	1025300	1025300	0	FIJI
2010	FM	95863	95863	0	MICRONESIA, ESTADOS FEDERADOS
2010	GA	1127841	1127841	0	GABÓN
2010	GD	958627	958627	0	GRANADA
2010	GE	16371366	16371366	0	GEORGIA
2010	GH	30364977	33721931	3356954	GHANA
2010	GM	5227743	5227743	0	GAMBIA
2010	GN	5320656	5320656	0	GUINEA
2010	GQ	15298752	15298752	0	GUINEA ECUATORIAL
2010	GT	72501766	72501766	0	GUATEMALA
2010	GW	10968348	10968348	0	GUINEA-BISSAU
2010	GY	3636107	3636107	0	GUYANA
2010	HN	55988452	56133773	145321	HONDURAS
2010	HR	8055869	8055869	0	CROACIA
2010	HT	135558891	135558891	0	HAITÍ
2010	ID	7828197	24305811	16477614	INDONESIA
2010	IN	45633542	45779890	146348	INDIA
2010	IQ	4624032	4624032	0	IRAK
2010	IR	540301	540301	0	IRÁN
2010	JM	7078827	7078827	0	JAMAICA
2010	JO	12224361	12224361	0	JORDANIA
2010	KE	19894343	20435367	541024	KENIA
2010	KG	4757853	4757853	0	KIRGUISTÁN
2010	KH	24027402	24027402	0	CAMBOYA
2010	KI	126342	126342	0	KIRIBATI
2010	KM	1094951	1094951	0	COMORES
2010	KN	169896	169896	0	SAINT KITTS Y NEVIS
2010	KP	1855008	1855008	0	COREA, REP. POP. DEM.
2010	KZ	1668530	1668530	0	KAZAJSTÁN
2010	LA	3407815	3407815	0	LAOS
2010	LB	22552194	22552194	0	LÍBANO
2010	LC	1021043	1021043	0	SANTA LUCÍA
2010	LK	10311175	11531781	1220606	SRI LANKA
2010	LR	6709744	6709744	0	LIBERIA
2010	LS	2373242	2373242	0	LESOTO
2010	LY	355603	355603	0	LIBIA
2010	MA	85272455	107329353	22056898	MARRUECOS
2010	MD	7103650	7103650	0	MOLDAVIA
2010	ME	4476114	4476114	0	MONTENEGRO
2010	MG	6859499	6859499	0	MADAGASCAR
2010	MH	81358	81358	0	MARSHALL, ISLAS
2010	MK	3549064	3549064	0	MACEDONIA, ANTIGUA REP. YUG.
2010	ML	32869489	32869489	0	MALÍ
2010	MM	6538338	6538338	0	MYANMAR
2010	MN	2446818	3057437	610619	MONGOLIA
2010	MR	30139940	30139940	0	MAURITANIA
2010	MS	323965	323965	0	MONTSERRAT (R.U.)
2010	MU	5667038	5667038	0	MAURICIO
2010	MV	529062	529062	0	MALDIVAS
2010	MW	11874719	11874719	0	MALAWI
2010	MX	4882886	35065514	30182628	MÉXICO
2010	MY	357506	357506	0	MALASIA
2010	MZ	51770626	64615539	12844913	MOZAMBIQUE
2010	NA	10450238	10450238	0	NAMIBIA
2010	NE	29163886	29163886	0	NÍGER
2010	NG	28242718	28242718	0	NIGERIA
2010	NI	84876098	85181875	305777	NICARAGUA
2010	NP	7704285	7704285	0	NEPAL
2010	NR	53074	53074	0	NAURU
2010	NU	25308	25308	0	NIUE
2010	OM	24830	24830	0	OMÁN
2010	PA	4674145	7017402	2343257	PANAMÁ
2010	PE	94732328	97424002	2691674	PERÚ
2010	PG	5504670	5504670	0	PAPÚA NUEVA GUINEA
2010	PH	25266877	29919834	4652957	FILIPINAS
2010	PK	52651700	52651700	0	PAKISTÁN
2010	PS	113447948	113447948	0	PALESTINOS, TERRITORIOS
2010	PW	34352	34352	0	PALAU
2010	PY	18709433	19913647	1204214	PARAGUAY
2010	RS	18168711	19168711	1000000	SERBIA
2010	RW	14780679	14780679	0	RUANDA
2010	SB	254533	254533	0	SALOMÓN, ISLAS
2010	SC	118275	1499844	1381569	SEYCHELLES
2010	SD	34785571	34785571	0	SUDÁN
2010	SH	88231	88231	0	SANTA ELENA (R.U.)
2010	SL	10115050	10115050	0	SIERRA LEONA
2010	SN	46824641	46824641	0	SENEGAL
2010	SO	12585985	12585985	0	SOMALIA
2010	SR	1737676	1737676	0	SURINAM
2010	ST	1332205	1332205	0	SANTO TOMÉ Y PRÍNCIPE
2010	SV	66271774	67998597	1726823	EL SALVADOR
2010	SY	8154391	8154391	0	SIRIA
2010	SZ	1991522	1991522	0	SWAZILANDIA
2010	TD	16768976	16864976	96000	CHAD
2010	TG	5895703	5895703	0	TOGO
2010	TH	3440910	3440910	0	TAILANDIA
2010	TJ	3727390	3727390	0	TAYIKISTÁN
2010	TK	7500	7500	0	TOKELAU (N.Z.)
2010	TL	5862486	5862486	0	TIMOR-LESTE
2010	TM	352621	352621	0	TURKMENISTÁN
2010	TN	125878144	130393371	4515227	TÚNEZ
2010	TO	71816	71816	0	TONGA
2010	TR	88151943	89272791	1120848	TURQUÍA
2010	TT	196075	196075	0	TRINIDAD Y TOBAGO
2010	TV	23755	23755	0	TUVALU
2010	TZ	30169299	30169299	0	TANZANIA
2010	UA	12168443	12168443	0	UCRANIA
2010	UG	22941163	23797881	856718	UGANDA
2010	UY	7295363	10567540	3272177	URUGUAY
2010	UZ	3761819	3761819	0	UZBEKISTÁN
2010	VC	792746	792746	0	SAN VICENTE Y GRANADINAS
2010	VE	6618845	7872150	1253305	VENEZUELA
2010	VN	42423606	44578739	2155133	VIETNAM
2010	VU	185945	185945	0	VANUATU
2010	WF	10277	10277	0	WALLIS Y FORTUNA (FR.)
2010	WS	679954	679954	0	SAMOA
2010	XK	18794302	18794302	0	KOSOVO
2010	YE	6459541	6780133	320592	YEMEN
2010	YT	70356	70356	0	MAYOTTE (FR.)
2010	ZA	11944713	11944713	0	SUDÁFRICA
2010	ZM	13727841	13727841	0	ZAMBIA
2010	ZW	9483940	9483940	0	ZIMBABWE
2011	AF	66244771	66244771	0	AFGANISTÁN
2011	AG	959143	959143	0	ANTIGUA Y BARBUDA
2011	AL	5126002	6026002	900000	ALBANIA
2011	AM	3104858	3104858	0	ARMENIA
2011	AO	4764493	10482071	5717578	ANGOLA
2011	AR	2421579	13739215	11317636	ARGENTINA
2011	AZ	2324494	2324494	0	AZERBAIYÁN
2011	BA	35377679	36138982	761303	BOSNIA Y HERZEGOVINA
2011	BD	24350559	24673376	322817	BANGLADESH
2011	BF	18040431	18040431	0	BURKINA FASO
2011	BI	11658517	11658517	0	BURUNDI
2011	BJ	11228282	11228282	0	BENÍN
2011	BO	42309294	43801891	1492597	BOLIVIA
2011	BR	16714152	16714152	0	BRASIL
2011	BT	444311	444311	0	BUTÁN
2011	BW	2713009	2713009	0	BOTSWANA
2011	BY	1221083	1221083	0	BIELORRUSIA
2011	BZ	563344	563344	0	BELICE
2011	CD	109423922	109423922	0	CONGO, REP. DEM.
2011	CF	8104221	8104221	0	CENTROAFRICANA, REP.
2011	CG	6748422	6748422	0	CONGO, REP.
2011	CI	10420396	13476147	3055751	COSTA DE MARFIL
2011	CK	9011	9011	0	COOK, ISLAS
2011	CL	7041879	7041879	0	CHILE
2011	CM	11297623	11297623	0	CAMERÚN
2011	CN	-12524048	16360107	28884155	CHINA
2011	CO	39386158	45038732	5652574	COLOMBIA
2011	CR	3653514	5049665	1396151	COSTA RICA
2011	CU	15849201	15849201	0	CUBA
2011	CV	14170051	14515958	345907	CABO VERDE
2011	DJ	1670468	1716124	45656	YIBUTI
2011	DM	1593997	1593997	0	DOMINICA
2011	DO	42345057	45678887	3333830	DOMINICANA, REP.
2011	DZ	3118223	14317412	11199189	ARGELIA
2011	EC	17569929	32491867	14921938	ECUADOR
2011	EG	21293395	21737383	443988	EGIPTO
2011	EH	16304384	16304384	0	SAHARAUI, POBLACIÓN
2011	ER	2997627	2997627	0	ERITREA
2011	ET	60356406	60356406	0	ETIOPÍA
2011	FJ	504005	504005	0	FIJI
2011	FM	33250	33250	0	MICRONESIA, ESTADOS FEDERADOS
2011	GA	1033115	1033115	0	GABÓN
2011	GD	900727	900727	0	GRANADA
2011	GE	11561206	11561206	0	GEORGIA
2011	GH	17622812	18200882	578070	GHANA
2011	GM	6056855	6056855	0	GAMBIA
2011	GN	8459184	8459184	0	GUINEA
2011	GQ	11120118	11120118	0	GUINEA ECUATORIAL
2011	GT	35841043	35841043	0	GUATEMALA
2011	GW	7254481	7254481	0	GUINEA-BISSAU
2011	GY	2070992	2070992	0	GUYANA
2011	HN	16684380	34055896	17371516	HONDURAS
2011	HT	88893510	88893510	0	HAITÍ
2011	ID	-1706128	14188414	15894542	INDONESIA
2011	IN	31239856	31379264	139408	INDIA
2011	IQ	5103247	5103247	0	IRAK
2011	IR	783516	783516	0	IRÁN
2011	JM	7267277	7267277	0	JAMAICA
2011	JO	13977306	14276450	299144	JORDANIA
2011	KE	20681123	21468700	787577	KENIA
2011	KG	3385653	3385653	0	KIRGUISTÁN
2011	KH	18761250	18761250	0	CAMBOYA
2011	KI	52752	52752	0	KIRIBATI
2011	KM	904366	904366	0	COMORES
2011	KN	586594	586594	0	SAINT KITTS Y NEVIS
2011	KP	2224041	2224041	0	COREA, REP. POP. DEM.
2011	KZ	-204910	1371576	1576486	KAZAJSTÁN
2011	LA	2382286	2382286	0	LAOS
2011	LB	22142975	22142975	0	LÍBANO
2011	LC	1758448	1758448	0	SANTA LUCÍA
2011	LK	6231424	7452029	1220605	SRI LANKA
2011	LR	10510583	10510583	0	LIBERIA
2011	LS	6093516	6093516	0	LESOTO
2011	LY	7207546	7207546	0	LIBIA
2011	MA	41394566	59764798	18370232	MARRUECOS
2011	MD	10396887	10396887	0	MOLDAVIA
2011	ME	1069362	1069362	0	MONTENEGRO
2011	MG	5276823	5276823	0	MADAGASCAR
2011	MH	36589	36589	0	MARSHALL, ISLAS
2011	MK	3899963	3899963	0	MACEDONIA, ANTIGUA REP. YUG.
2011	ML	25410083	25410083	0	MALÍ
2011	MM	4880276	4880276	0	MYANMAR
2011	MN	1592087	1592087	0	MONGOLIA
2011	MR	28952094	29741284	789190	MAURITANIA
2011	MS	571885	571885	0	MONTSERRAT (R.U.)
2011	MU	4547485	4547485	0	MAURICIO
2011	MV	712934	712934	0	MALDIVAS
2011	MW	18092425	18092425	0	MALAWI
2011	MX	-15072235	12433127	27505362	MÉXICO
2011	MY	329271	329271	0	MALASIA
2011	MZ	46723983	46723983	0	MOZAMBIQUE
2011	NA	3981761	3981761	0	NAMIBIA
2011	NE	35398640	35398640	0	NÍGER
2011	NG	22475874	22475874	0	NIGERIA
2011	NI	48934340	49250351	316011	NICARAGUA
2011	NP	7581655	7581655	0	NEPAL
2011	NR	71812	71812	0	NAURU
2011	NU	75009	75009	0	NIUE
2011	PA	2025307	4291376	2266069	PANAMÁ
2011	PE	45814521	48703193	2888672	PERÚ
2011	PG	3706964	3706964	0	PAPÚA NUEVA GUINEA
2011	PH	19149384	24471921	5322537	FILIPINAS
2011	PK	25697567	25697567	0	PAKISTÁN
2011	PS	53598433	53598433	0	PALESTINOS, TERRITORIOS
2011	PW	45394	45394	0	PALAU
2011	PY	13820488	15056794	1236306	PARAGUAY
2011	RS	18126796	21126796	3000000	SERBIA
2011	RW	11521652	11521652	0	RUANDA
2011	SB	1708988	1708988	0	SALOMÓN, ISLAS
2011	SC	1505906	1505906	0	SEYCHELLES
2011	SD	48503675	48503675	0	SUDÁN
2011	SL	7567752	7567752	0	SIERRA LEONA
2011	SN	34865875	34865875	0	SENEGAL
2011	SO	22791682	22791682	0	SOMALIA
2011	SR	1162636	1162636	0	SURINAM
2011	ST	1655897	1655897	0	SANTO TOMÉ Y PRÍNCIPE
2011	SV	35740982	37451360	1710378	EL SALVADOR
2011	SY	7277143	7277143	0	SIRIA
2011	SZ	1572165	1572165	0	SWAZILANDIA
2011	TD	16449888	16545888	96000	CHAD
2011	TG	24111308	24111308	0	TOGO
2011	TH	2621913	2621913	0	TAILANDIA
2011	TJ	4097936	4097936	0	TAYIKISTÁN
2011	TK	3027	3027	0	TOKELAU (N.Z.)
2011	TL	5654314	5654314	0	TIMOR-LESTE
2011	TM	462451	462451	0	TURKMENISTÁN
2011	TN	65933972	70126696	4192724	TÚNEZ
2011	TO	227691	227691	0	TONGA
2011	TR	23234027	24870327	1636300	TURQUÍA
2011	TV	15573	15573	0	TUVALU
2011	TZ	30531108.880000003	36272889.88	5741781	TANZANIA
2011	UA	10534380	10534380	0	UCRANIA
2011	UG	17644147	18124003	479856	UGANDA
2011	UY	4531724	7597373	3065649	URUGUAY
2011	UZ	2314408	2571917	257509	UZBEKISTÁN
2011	VC	717066	717066	0	SAN VICENTE Y GRANADINAS
2011	VE	824578	3212333	2387755	VENEZUELA
2011	VN	25627521	27992564	2365043	VIETNAM
2011	VU	164949	164949	0	VANUATU
2011	WF	29947879	29947879	0	WALLIS Y FORTUNA (FR.)
2011	WS	1175310	1175310	0	SAMOA
2011	XK	19591135	19591135	0	KOSOVO
2011	YE	8859178	9623543	764365	YEMEN
2011	ZA	10560751	10560751	0	SUDÁFRICA
2011	ZM	8811159	8811159	0	ZAMBIA
2011	ZW	12478112	12478112	0	ZIMBABWE
2012	AF	24269536.39	24269536.39	0	Afganistán
2012	AL	-1160453.32	39546.68	1200000	Albania
2012	AM	4804.99	4804.99	0	Armenia
2012	AO	4597664.0200000005	4597664.0200000005	0	Angola
2012	AR	-801117.7500000002	1789395.2499999998	2590513	Argentina
2012	BA	-3042985.63	58317.04	3101302.67	Bosnia y Herzegovina
2012	BD	308990.58999999997	483594.8	174604.21	Bangladesh
2012	BF	1120721.81	1120721.81	0	Burkina Faso
2012	BI	1556808.3599999999	1556808.3599999999	0	Burundi
2012	BJ	426552.37	426552.37	0	Benín
2012	BO	18423658.160000008	23591078.78000001	5167420.62	Bolivia
2012	BR	8191577.69	8191577.69	0	Brasil
2012	BY	83062.1	83062.1	0	Bielorrusia
2012	BZ	0	0	0	Belice
2012	CD	16647348.08	16647348.08	0	Congo, Rep. Dem.
2012	CF	49200	49200	0	Centroafricana, Rep.
2012	CG	1172666.02	1172666.02	0	Congo, Rep.
2012	CI	14694089.5	17778064.500000004	3083975	Costa de Marfil
2012	CL	647530.5599999999	647530.5599999999	0	Chile
2012	CM	327693.09	858853.09	531160	Camerún
2012	CN	-639084.1799999995	2829168.2500000005	3468252.4299999997	China
2012	CO	15089750.339999994	20255898.540000003	5166148.2	Colombia
2012	CR	634700.3099999999	981832.3099999999	347132	Costa Rica
2012	CU	6015080.3500000015	6015080.3500000015	0	Cuba
2012	CV	4301058.78	4301058.78	0	Cabo Verde
2012	DJ	4976	4976	0	Yibuti
2012	DO	8120316.740000002	11820146.000000004	3699829.26	Dominicana, Rep.
2012	DZ	1562626.01	1562626.01	0	Argelia
2012	EC	11504449.170000002	18930483.87	7426034.7	Ecuador
2012	EG	835751.54	3101266.31	2265514.77	Egipto
2012	EH	14917893.46	14917893.46	0	SAHARAUI, POBLACIÓN
2012	ET	11463904.52	11463904.52	0	Etiopía
2012	GA	0	0	0	Gabón
2012	GH	542213.6	542213.6	0	Ghana
2012	GM	1988509.05	1988509.05	0	Gambia
2012	GN	2489196.6	2489196.6	0	Guinea
2012	GQ	7212486.369999999	7212486.369999999	0	Guinea Ecuatorial
2012	GT	18173703.659999996	18173703.659999996	0	Guatemala
2012	GW	3225257.59	3225257.59	0	Guinea-Bissau
2012	GY	2600	2600	0	Guyana
2012	HN	10376445.590000004	10405013.750000004	28568.16	Honduras
2012	HT	14222972.950000001	14513616.549999999	290643.6	Haití
2012	ID	-7296885.12	257148.47	7554033.59	Indonesia
2012	IN	4419599.86	4419599.86	0	India
2012	IQ	99065.98	99065.98	0	Irak
2012	IR	168170.64	168170.64	0	Irán
2012	JM	15105.89	15105.89	0	Jamaica
2012	JO	2812597.83	3136199.15	323601.32	Jordania
2012	KE	772308.7999999998	875354.1199999999	103045.32	Kenia
2012	KG	0	0	0	Kirguistán
2012	KH	14592693.76	14592693.76	0	Camboya
2012	KZ	0	0	0	Kazajstán
2012	LB	12058432.56	12058432.56	0	Líbano
2012	LK	318159.88	318159.88	0	Sri Lanka
2012	LR	1212472.24	1212472.24	0	Liberia
2012	LS	0	0	0	Lesoto
2012	LY	25000	25000	0	Libia
2012	MA	11656129.169999996	15399629.409999996	3743500.2399999998	Marruecos
2012	MD	14755.18	14755.18	0	Moldavia
2012	ME	0	0	0	Montenegro
2012	MG	172386.64	172386.64	0	Madagascar
2012	MK	464.3	464.3	0	Macedonia, Antigua Rep. Yug.
2012	ML	11370326.519999998	11370326.519999998	0	Malí
2012	MN	3750.6	3750.6	0	Mongolia
2012	MR	7048531.3100000005	7048531.3100000005	0	Mauritania
2012	MW	153119.27	153119.27	0	Malawi
2012	MX	-652316.2899999992	3641507.070000001	4293823.36	México
2012	MY	324.97	324.97	0	Malasia
2012	MZ	13900443.01	13900443.01	0	Mozambique
2012	NA	735349.97	735349.97	0	Namibia
2012	NE	5197699.890000001	5197699.890000001	0	Níger
2012	NG	10645.09	10645.09	0	Nigeria
2012	NI	15075972.23	15075972.23	0	Nicaragua
2012	NP	52598.14	52598.14	0	Nepal
2012	PA	668635.7400000001	1269357.54	600721.7999999998	Panamá
2012	PE	22800789.099999998	27428433.24	4627644.14	Perú
2012	PH	8060740.759999999	8570582.049999999	509841.29	Filipinas
2012	PK	222951.61	222951.61	0	Pakistán
2012	PS	19996774.509999998	19996774.509999998	0	Palestinos, Territorios
2012	PY	5350484.2	5809598.46	459114.26	Paraguay
2012	RS	-2188775.68	811224.32	3000000	Serbia
2012	RW	1029323.9299999999	1029323.9299999999	0	Ruanda
2012	SC	0	0	0	Seychelles
2012	SD	10513783.46	10513783.46	0	Sudán
2012	SL	503268.36999999994	503268.36999999994	0	Sierra Leona
2012	SN	10230718.47	10230718.47	0	Senegal
2012	SO	4429475.04	4429475.04	0	Somalia
2012	SS	2460669.17	2460669.17	0	Sudán del Sur
2012	ST	125200	125200	0	Santo Tomé y Príncipe
2012	SV	14415480.080000004	14430416.900000004	14936.82	El Salvador
2012	SY	7239538.55	7239538.55	0	Siria
2012	TD	887893.5	887893.5	0	Chad
2012	TG	40193012.220000006	40193012.220000006	0	Togo
2012	TH	21731.01	21731.01	0	Tailandia
2012	TJ	2365.3199999999997	2365.3199999999997	0	Tayikistán
2012	TL	1526053.76	1526053.76	0	Timor-Leste
2012	TN	401986.41000000003	1224122.41	822136	Túnez
2012	TR	1200629.0799999998	1391081.92	190452.84	Turquía
2012	TZ	1230794.2099999997	1230794.2099999997	0	Tanzania
2012	UA	113692.34999999999	113692.34999999999	0	Ucrania
2012	UG	357222.11	357222.11	0	Uganda
2012	UY	759130.9199999999	1177630.3399999999	418499.4199999999	Uruguay
2012	VC	393.65	393.65	0	San Vicente y Granadinas
2012	VE	1171610.02	1171610.02	0	Venezuela
2012	VN	2905645.4299999997	3199693.02	294047.58999999997	Vietnam
2012	VU	38884.1	38884.1	0	Vanuatu
2012	XK	406851.85000000003	406851.85000000003	0	Kosovo
2012	YE	0	0	0	Yemen
2012	ZA	37075.75	37075.75	0	Sudáfrica
2012	ZM	33155	33155	0	Zambia
2012	ZW	85400.01000000001	85400.01000000001	0	Zimbabwe
